Authors,Author full names,Author(s) ID,Title,Year,Link,Abstract,Publisher
Craig C.D.; Kay R.,"Craig, Chris D. (57220041380); Kay, Robin (56032971700)",57220041380; 56032971700,A Systematic Overview of Reviews of the Use of Immersive Virtual Reality in Higher Education,2023,https://www.scopus.com/pages/publications/85182905892?origin=resultslist,"Objectives: Immersive virtual reality (IVR) provides opportunities to learn within a nonphysical, digital world. The purpose of this critical review was to examine published systematic reviews regarding the benefits and challenges of IVR in higher education to inform best practices. Method: We followed the Preferred Reporting Items for Overviews of Reviews (PRIOR) to ensure transparency and to afford an evidence-based approach for synthesizing insights from a broad range of research. We analyzed and synthesized 10 reviews that include 332 studies with over 9,878 participants, following an integrated synthesis design process using thematic analysis and emergent coding. Results: Results confirmed the various benefits and challenges of IVR. The benefits include improved student learning and behaviours, while challenges include technology issues, behaviours that inhibit learning, and learning how to use IVR. Conclusions: IVR holds considerable potential in disciplines requiring practical applications such as simulation-based training and testing. However, further research into contexts such as participant age, gender, instructional design or learning theory, and longitudinal study is required. Finally, higher education stakeholders will benefit from budgeting time and costs, aligning IVR use with real-world applications, maintaining an adaptive mindset, and developing scaffolded instructional design. Implications for Theory and/or Practice: The primary benefits of student learning through IVR include enhanced skill acquisition, experiences, and learning outcomes. In addition, while immersive platforms housed in static rooms may present financial challenges, the emergence of—and increased investment into—untethered headsets and haptic controllers can reduce operational costs and increase student access to high-quality learning experiences. © 2023 Laureate Education. All rights reserved.",Walden University
Botha B.S.; Hugo-van Dyk L.; Nyoni C.N.,"Botha, Benjamin S. (57216933082); Hugo-van Dyk, Lizemari (57202131109); Nyoni, Champion N. (57190113404)",57216933082; 57202131109; 57190113404,"Simulating infection prevention and control through virtual reality: a vehicle for equity, diversity, and inclusivity in Africa",2023,https://www.scopus.com/pages/publications/85174566683?origin=resultslist,"Endemics in Africa are prominent, especially in countries with low income and inadequate infection prevention and control (IPC) measures. Additionally, poorly trained nurses negatively influence infection-related indicators, and these nurses may require re-training. Re-training is expensive, and due to limited resources, healthcare institutions in Africa may not have the opportunity for their nurses to be re-trained in a critical competence such as IPC. Simulation-based education, including virtual reality (VR), has shown numerous benefits in acquiring critical thinking, communication, and clinical skills. However, VR has been reserved for healthcare education in the global north. Also, no educational programmes currently exist that harness the power of VR in a low-resource context such as Africa. We argue that VR is a possible low-cost simulation modality that can create standardised training resulting in equitable, diverse, and inclusive IPC education for nursing students. However due to a lack of technological training and ongoing support, low to middle-income countries often end up failing to implement the interventions over a longer term than the initial investment. Authors like Hofstede identified dimensions causing problems between various cultures, which might restrict the implementation of newer technologies in a diverse, equitable, and inclusive manner. The design and implementation of an educational innovation must address and integrate the cultural dimensions of the targeted context. Embracing, understanding, and respecting the variations in local culture within African universities is essential to inclusive and diverse education practices and the subsequent designing and implementation of educational innovation such as VR. Copyright © 2023 Botha, Hugo-van Dyk and Nyoni.",Frontiers Media SA
Kadıoğlu N.; Özyalçın Oskay Ö.,"Kadıoğlu, Nagihan (58642675800); Özyalçın Oskay, Özge (60210274300)",58642675800; 60210274300,The use of mobile augmented reality supported flipped learning model in general chemistry laboratory: Electrolysis experiment example,2025,https://www.scopus.com/pages/publications/105022895800?origin=resultslist,"The aim of this study was to determine the effect of Mobile AR (MAR) supported Flipped Learning Model (FLM) applications on the academic achievement of first year undergraduate students in General Chemistry Laboratory course and to investigate the students' views on MAR supported FLM. In the study carried out with a quasiexperimental design with pre-test-post-test control group, the course in the experimental group was conducted according to MAR-supported FLM, while the course in the control group was conducted conventionally as prescribed by the curriculum. The results of the independent sample t-test for the quantitative data of the study revealed that FLM implementations supported by MAR had a positive effect on student achievement. The interviews with the students were analyzed by content analysis and it was determined that the students evaluated the applications positively and found them useful. The findings of this study are preliminary for future studies in this field. © 2025 by Author/s and Licensed by Modestum DOO, Serbia.",Modestum
Fokides E.; Antonopoulos P.,"Fokides, Emmanuel (56182186100); Antonopoulos, Panagiotis (59245267900)",56182186100; 59245267900,Development and testing of a model for explaining learning and learning-related factors in immersive virtual reality,2024,https://www.scopus.com/pages/publications/85199780586?origin=resultslist,"Many believe that immersive virtual reality (IVR) possesses transformative potential for a plethora of human activities that are mediated via technology, including education. In light of this, it is critically important to understand the determinants that influence learning in IVR environments and the interrelations among these determinants. For that matter, a model was developed that encapsulated ten potential factors influencing learning outcomes. Three hundred and thirty-four university students interacted with a purpose-built application that presented ancient Greek inventions through the use of head-mounted displays. Data analysis, adhering to a structural equation modeling approach, indicated that a multitude of factors exerted a positive influence on learning outcomes. These included the perceived quality of graphics, the perceived quality of feedback and content, and the perceived degree of interaction. Moreover, intrinsic motivation and the immersive experience that IVR provides also demonstrated a positive impact. Conversely, the perceived cognitive load and symptoms of simulator sickness manifested a negative impact. Interestingly, these factors did not appear to inhibit learners' motivation or their positive feelings. Age did not have any effect, while gender seemed to have an impact only on immersion. The implications of the results are also discussed. © 2023 The Authors",Elsevier B.V.
Helle N.; Vikman M.D.; Dahl-Michelsen T.; Lie S.S.,"Helle, Nikolina (57810323800); Vikman, Miriam Dubland (57810752200); Dahl-Michelsen, Tone (56247304500); Lie, Silje Stangeland (57192435086)",57810323800; 57810752200; 56247304500; 57192435086,Health Care and Social Work Students’ Experiences With a Virtual Reality Simulation Learning Activity: Qualitative Study,2023,https://www.scopus.com/pages/publications/85176752994?origin=resultslist,"Background: Virtual reality is used to an increasing extent in various fields and is now making inroads into health and social education. Virtual reality simulation can provide a safe and controlled environment for students to practice and master skills that are transferable to real-world situations without putting patients, clients, or themselves at risk of any harm. Virtual reality simulation using 360° videos represents a novel approach to simulation in health care and social work education, and this inspired our interest in exploring students’ experiences with such a learning activity. Objective: The aim of this study was to explore occupational therapy, social education, nursing, and social work students’ experiences with virtual reality simulation as a learning activity in an interdisciplinary subject. Methods: The data were collected through 6 semistructured focus groups with 28 students. We conducted the focus groups after the students from the 4 education programs had participated in the virtual reality simulation at 3 campuses at a specialized university in Norway. Each focus group interview was facilitated by 1 moderator and 1 facilitator, a combination of experienced researchers and novices. We followed a qualitative design using the 6-step thematic analysis described by Braun and Clarke. Results: The analysis revealed 3 overall themes for students’ experiences with the virtual reality simulation. The first theme, 360° videos provide observations for individual learning, illustrates how learning can take place through the students’ experiences with sensory inputs and observations from the 360° videos. Students experienced that the video enabled them to individually reflect and achieve learning from what was considered a clinically relevant video. The second theme, 360° videos activate emotional learning, demonstrates how the students experienced emotional engagement when watching the 360° videos. The degree of realism provided in the video was considered as important for the students’ learning. The last theme, Debrief sessions enhance comprehensive learning, pinpoints how the students experienced learning through reflective discussions with other students after watching the 360° videos. Students claimed this process to be a vital part of the learning activity. Conclusions: Virtual reality simulation represents a promising learning activity to enhance the professional learning of health care and social work students. It offers opportunities for individualized learning through observations, and it also engages students emotionally in the learning process. The combination of 360° videos and group discussions in virtual reality appears promising to enhance professional learning outcomes and competence, which may contribute to improved health care and social work services. ©Nikolina Helle, Miriam Dubland Vikman, Tone Dahl-Michelsen, Silje Stangeland Lie.",JMIR Publications Inc.
Papic M.; Bittner K.; Minson V.,"Papic, Marina (56979920500); Bittner, Kelly (57203850863); Minson, Victoria (57891708100)",56979920500; 57203850863; 57891708100,Investigating Virtual Reality as a Resource to Enhance Early Childhood Initial Teacher Education: A Scoping Review,2026,https://www.scopus.com/pages/publications/105010608166?origin=resultslist,"Australia is currently experiencing a shortage of qualified early childhood teachers. To address this issue, the government has committed to a decade long National Children’s Education and Care Workforce Strategy which calls for ‘innovative design and delivery approaches’ within early childhood initial teacher education (ITE) courses (Education Services Australia, 2021). Early childhood ITE courses require students to build content knowledge and translate this into professional practice. While virtual reality (VR) is increasingly used as a pedagogical resource in higher education as a way to support the theory/ practice nexus, there is a lack of research that focuses on the potential of VR to support learning within early childhood ITE courses. To address this issue, this scoping review identified fields with a similar focus for practical skills and interpreted these findings for the early childhood ITE sector. The review found that VR can complement more traditional learning approaches for early childhood ITE students. Strategies for teaching and learning were also identified, with a focus on the benefits of VR use in early childhood related ITE. The review also identifies implications for design and implementation of VR, highlighting the value of opportunities synchronous for feedback and reflection. Overall VR was found to be a valuable pedagogical resource that could help to make course content more engaging, interesting and accessible for early childhood ITE students. Of particular value was the ability to practice teaching-related skills in a safe, risk-free virtual space. This scoping review provides a previously unreported foundation for future research in VR use in early childhood ITE. © The Author(s) 2025.",Springer Science and Business Media B.V.
Liu W.,"Liu, Wenyuan (57832092600)",57832092600,A teaching design of ecological class based on immersive virtual reality spatial fusion,2022,https://www.scopus.com/pages/publications/85135469311?origin=resultslist,"This study investigated the effectiveness of the teaching design scheme called the Immersive Virtual Reality Teaching Model (IVRTM) on a small learner population at the researcher’s university. The study was based on one-term experimental teaching among the undergraduates. An ecological class was set up, extending classroom teaching to 3-layer teaching space, including a physical layer (classroom-based), an information layer (internet-based), and a virtual-reality layer (VR-based). The research aimed (1) to create an online-offline spatial ecological learning environment for higher learning efficiency with a series of learning activities, (2) to uncover the learning effectiveness of VR assistance in oral English, and (3) to acquire the students’ attitudes toward the IVRTM. The study approaches involved literature review, empirical method, questionnaire, interviews, and data analysis. The findings would have a positive significance for the promotion of new technology applications in SLA teaching and provide novel and preliminary references for teachers pursuing an effective teaching design of ecological classes based on IVR spatial fusion. Copyright © 2022 Liu.",Frontiers Media S.A.
Majewska A.A.; Vereen E.,"Majewska, Ania A. (57200310735); Vereen, Ethell (16044362300)",57200310735; 16044362300,Using Immersive Virtual Reality in an Online Biology Course,2023,https://www.scopus.com/pages/publications/85159286443?origin=resultslist,"Interest in virtual reality (VR) for teaching and learning in higher education is growing, given its many potential applications. VR offers a socially interactive environment with novel ways to engage students with materials, objects, and activities and provide students with experiences such as “field trips” that would be otherwise very difficult. Preliminary work indicates overall positive gains in student learning across disciplines compared to other technology and traditional techniques, although more studies are needed to better our understanding of this tool. We employed an “immersive” VR (with a head-mounted display) in an online course which provided students with the opportunity to interact with peers and engage in activities. We asked about perceptions of the learning experience with the technology and how using VR impacts students’ performance. We also noted the benefits and challenges of VR in an online course. Students perceived VR as a helpful component of the course, although performance on the cardiovascular unit assessment did not differ compared to the previous semester without VR. © 2023, The Author(s).",Springer Nature
Acquah B.Y.S.; Arthur F.; Quayson E.; Quaye S.A.; Darteh A.O.; Nortey S.A.; Frempong D.,"Acquah, Bernard Yaw Sekyi (58673855400); Arthur, Francis (57190227023); Quayson, Emmanuel (60582780600); Quaye, Silas Afutu (60588610900); Darteh, Andrews Ohene (57221330259); Nortey, Sharon Abam (59030915200); Frempong, Dorcas (60588921600)",58673855400; 57190227023; 60582780600; 60588610900; 57221330259; 59030915200; 60588921600,Modelling Higher-Education Students’ Intention to Use Educational Metaverse in Ghana,2026,https://www.scopus.com/pages/publications/105037718580?origin=resultslist,"The educational metaverse refers to immersive, virtual learning environments that integrate technologies such as virtual reality, augmented reality and interactive digital spaces to enhance teaching and learning experiences. Despite its growing global relevance, empirical evidence on the factors influencing higher education students’ intention to adopt educational metaverse platforms remains limited, particularly in developing contexts such as Ghana. This study, therefore, examines the key predictors of higher education students’ intention to use educational metaverse in Ghana. Using a descriptive cross-sectional survey design and a purposive sampling technique, data were collected from 893 university students and analysed using partial least squares structural equation modelling (PLS-SEM). The findings reveal that personal innovativeness in IT (PIIT) significantly influences perceived usefulness (PU), perceived ease of use (PEU) and self-efficacy (SE). Self-efficacy positively affects PU and PEU, while PEU significantly enhances PU and perceived enjoyment (PEJ). Perceived trialability, perceived observability, perceived complexity and perceived compatibility positively influence PEJ. Interestingly, perceived cyber risks (PCRs) positively impact both PU and behavioural intention (BI) to use the metaverse. Furthermore, PU, PEU and PEJ significantly drive BI. These findings provide valuable insights for educators and policymakers on strategies to enhance metaverse adoption in higher education. Copyright © 2026 Bernard Yaw Sekyi Acquah et al. Human Behavior and Emerging Technologies published by John Wiley & Sons Ltd.",John Wiley and Sons Inc
Shwedeh F.; Nour M.A.; Akour I.,"Shwedeh, Fanar (57218370085); Nour, Mohamed Abdalla (55830783100); Akour, Iman (6504754448)",57218370085; 55830783100; 6504754448,Optimizing augmented reality adoption in higher education: A comprehensive analysis of factors impacting data management efficiency,2024,https://www.scopus.com/pages/publications/85204394950?origin=resultslist,"This study explores the complex dynamics of handling augmented reality (AR) data in higher education in the United Arab Emirates (UAE). Although there is a growing interest in incorporating augmented reality (AR) to improve learning experiences, there are still issues in efficiently managing the data produced by these apps. This study attempts to understand the elements that affect AR data management by examining the relationship between the investigated variables: faculty readiness, technological limits, financial constraint, and student engagement on data management in higher education institutions in the UAE, building on earlier research that has identified these problems. The research analyzes financial constraints, technological infrastructure, and faculty preparation to understand their impact on AR data management. The study collected detailed empirical data on AR data management in UAE higher education environments using a quantitative research methods approach, surveys. The reasons for choosing this research method include cost-effectiveness, flexibility in questionnaire design, anonymity and confidentiality involved in the chosen methods. The results of this study are expected to enhance academic discourse by highlighting the obstacles and remedies to improving the efficiency of AR technology data management at higher education institutions. The findings are expected to enlighten decision-making in higher education institutions on maximizing AR technology’s benefits for improved learning outcomes. © 2024 by author(s).","EnPress Publisher, LLC"
Aluko H.A.; Aluko A.; Ogunjimi F.; Offiah G.A.; Islam M.D.N.; Fernandes F.A.P.,"Aluko, Henry Adeyemi (59510964000); Aluko, Ayodele (59511695300); Ogunjimi, Funke (59511332700); Offiah, Goodness Amaka (59510841700); Islam, MD Nazmul (60439911100); Fernandes, Fatima Araujo Pereira (57216933971)",59510964000; 59511695300; 59511332700; 59510841700; 60439911100; 57216933971,Application of AI-driven virtual reality (VR) in improving higher education student’s learning and engagement,2026,https://www.scopus.com/pages/publications/105032165023?origin=resultslist,"Purpose: Calls for personalised learning have increased interest in AI-enabled virtual reality (AI-VR) as a tool that can adapt instruction and support diverse learner needs. This study investigates the adoption and applicability of AI-VR in higher education and examines its influence on students’ learning and engagement. Design/methodology/approach: A quantitative design was used. Structured questionnaires were distributed through Google Forms to lecturers and students in UK higher education using judgemental sampling. A total of 278 respondents (69 lecturers and 209 students) completed the survey. Data were analysed using descriptive and inferential statistics in SPSS. Findings: Results indicate that AI-VR improves learning outcomes by strengthening knowledge acquisition, retention, and conceptual understanding. Participants reported higher engagement due to immersive, interactive environments that build confidence and support inclusive learning. Despite these benefits, levels of adoption and consistent applicability in higher education remain below expectation, influenced by digital readiness and infrastructure constraints. Originality/value: The study contributes to immersive learning research through the development of the AI-VR Immersive Learning Adoption Model (AILAM). The framework synthesises insights from existing literature to explain how adaptive AI-VR environments influence engagement, learning processes, and user readiness in higher education. AILAM clarifies the mechanisms through which AI-VR produces learning benefits and provides a structured foundation for future empirical inquiry and institutional decision-making. © The Author(s) 2026.",Springer
Marcel F.,"Marcel, Faith (57209248576)",57209248576,Mobile augmented reality learning objects in higher education,2019,https://www.scopus.com/pages/publications/85066993063?origin=resultslist,"Teachers and learners in all sectors of education continue to have access to a growing number of mobile augmented reality (AR) applications for the creation and implementation of mobile AR experiences and learning objects (LOs). In this study, affordances of mobile AR and LOs for higher education are investigated through the mobile AR platform HP Reveal. Digital trace data from publicly shared and published AR users’ LOs were examined to investigate affordances of AR technology in educational organisations and institutions and their potential implications in areas of higher education. For this purpose, a quantitative comparative analysis of system data and content from 632 AR LOs was conducted at two instances over a 2-year interval period. Each LO was thematically coded to determine multimodal functionalities and characteristics. Further thematic coding and categorisation revealed four emergent categories for affordances in higher education: learner interaction, collaboration, cultural exploration and digital storytelling. Results also revealed increases over time in the use of recorded and online video content and the use of three-dimensional (3D) characters for educational purposes. An examination of the affordances offered by the AR platform revealed opportunities for educators to explore further interactive and collaborative uses of AR with their learners for pedagogical purposes in higher education. © 2019 Faith Marcel.",Association for Learning Technology
Sırakaya D.A.,"Sırakaya, Didem Alsancak (56014431900)",56014431900,Systematic Examination of Educational Virtual Reality Studies: Google Cardboard,2025,https://www.scopus.com/pages/publications/105005588239?origin=resultslist,"This study aims to reveal the current situation viz. as of year 2024 in experimental educational studies conducted using Google Cardboard as a virtual reality tool. In the study, 36 articles published in journals indexed in Web of Science and Scopus databases and decided to be suitable for the research purpose were analyzed. The data were analyzed by content analysis method. According to the results obtained in the research, while the number of articles increased until 2020, it has been decreasing since this year reaching the year 2024. While the most preferred sample group was the undergraduate level, studies were carried out with the most participants between 11-30. While it is mostly used in STEM education, the number of in-school and out-of-school applications is close to each other. While survey/scale was the most preferred data collection tool, it was concluded that different media types were used in the studies. The advantages of the studies were summarized and analyzed in detail under 3 sub-themes: educational outcomes, affective outcomes and technical advantages. Whereas the most important educational outcome underlined in the articles is increases success (performance), the most important affective outcome is students develop positive attitudes. It is noteworthy that technical advantages are mentioned less frequently. On the other hand, it was concluded that some difficulties were encountered, such as eye strain and headaches. © 2025, Ozgen Korkmaz. All rights reserved.",Ozgen Korkmaz
Burke D.; Crompton H.; Nickel C.,"Burke, Diane (56402514400); Crompton, Helen (20337016700); Nickel, Christine (37077767700)",56402514400; 20337016700; 37077767700,The Use of Extended Reality (XR) in Higher Education: A Systematic Review,2025,https://www.scopus.com/pages/publications/105005099499?origin=resultslist,"The use of XR, which encompasses Virtual Reality (VR), Augmented Reality (AR), and Mixed Reality (MR) has evolved rapidly in higher education (HE), driven by advancements in technology and the increasing recognition of its potential to enhance learning experiences. This systematic review provides unique findings with an up-to-date examination of the use of XR in HE from 2020–2024. Using PRISMA principles and protocol, 295 articles were identified for full examination. Using a priori, and grounded coding, the data from the 295 articles were extracted, analyzed, and coded to determine the trends in HE research regarding the use of XR. A priori coding revealed that research was conducted on six continents and in 48 countries, with the US leading in the number of publications. A prior coding also showed that VR was the most frequently used type of XR in the research studies (58%), that the research took place most often in undergraduate settings (81%), and that science was the academic discipline with the most studies (21%). Grounded coding identified three domains regarding the purpose of using XR: knowledge acquisition (51%), psychomotor learning (35%), and affective learning (14%). The grounded coding also revealed that XR was being used in four ways to facilitate learning: 1) Simulation, 2) Visualization, 3) Problem-solving, and 4) Gaming. Lastly, four challenges were identified: 1) Impact on students, 2) Inauthentic environments, 3) Time and money, and 4) Usability and technical issues. This systematic review revealed gaps in the literature to be used as a springboard for future researchers studying the use of XR in HE. © The Author(s) 2025.",Springer
Lu A.; Wong C.S.K.; Cheung R.Y.H.; Im T.S.W.,"Lu, Angel (57210195467); Wong, Crusher S. K. (55880550300); Cheung, Richard Y. H. (7202397501); Im, Tarloff S. W. (26422273400)",57210195467; 55880550300; 7202397501; 26422273400,Supporting Flipped and Gamified Learning With Augmented Reality in Higher Education,2021,https://www.scopus.com/pages/publications/85104981013?origin=resultslist,"Chemistry education is challenging when many students cannot see the relevance and interest between what they learn at school and their everyday life outside the curriculum. Due to the prevalence of chemicals in real life, students lose interest in those not-so-novel Chemistry problems as they are satisfied with their rudimentary grasp of knowledge. Therefore, it is of paramount importance to draw students’ attention to those day-to-day Chemistry concepts, a task in which augmented reality (AR) can be a competent pedagogical facilitator. Despite its popularity due to the development of smart devices, educators are still averse to adopting AR in teaching because of the doubts about its pedagogical effectiveness and difficulties in implementation. This paper will demonstrate an AR app developed by City University of Hong Kong (CityU) for a year four undergraduate Chemistry course under two UGC’s project funds and CityU’s Teaching Development Grant that aligns with the university’s Discovery and Innovation-enriched Curriculum. The learning theories and technology stack of development and deployment will be shared in this paper. The consideration during preparation, production, and publishing will also be documented. A pilot survey about students’ perception of the AR showed positive feedback for the AR app in terms of enhancing awareness, learning, understanding, and engagement, which addresses the concerns of retaining students’ engagement during teaching and learning real-life Chemistry. We hope that educators who are interested in adopting AR can gain insights from this AR development experience. This research can act as a foundation for further exploration of applying AR in secondary and tertiary Chemistry education. © Copyright © 2021 Lu, Wong, Cheung and Im.",Frontiers Media S.A.
Reeves L.E.; Bolton E.; Bulpitt M.; Scott A.; Tomey I.; Gates M.; Baldock R.A.,"Reeves, Laura E. (57221692906); Bolton, Edward (57221689174); Bulpitt, Matthew (57221695515); Scott, Alex (57221702301); Tomey, Ian (57221691822); Gates, Micah (57221701049); Baldock, Robert A. (57221703833)",57221692906; 57221689174; 57221695515; 57221702301; 57221691822; 57221701049; 57221703833,Use of augmented reality (Ar) to aid bioscience education and enrich student experience,2021,https://www.scopus.com/pages/publications/85099840364?origin=resultslist,"In recent years, development of new technologies designed to enhance user experience have accelerated, often being used in modern media such as in films and games. Specifically, immersive experiences, such as virtual reality (VR) and augmented reality (AR), have redefined how digital media can be delivered, encour-aging us to interact with and explore our environment. Reciprocally, as the power of these technologies has advanced, the associated costs to implement them have decreased, making them more cost-effective and feasible to deliver in a variety of settings. Despite the cost reduction, several issues remain with accessibility due to the knowledge base required to generate, optimise and deliver three-dimen-sional (3D)-digital content in both AR and VR. Here, we sought to integrate an AR-based experience into a level-4 biochemistry module in order to support the delivery of university lectures on protein structure and function. Traditionally, this topic would comprise two-dimensional still images of complex 3D structures. By combining a breadth of subject-specific and technological expertise from across the university, we developed an AR-enhanced learning experience hosted on the Zapworks AR platform. AR enabled full illustration of the complexity of these 3D structures, while promoting collaboration through a shared user experi-ence. Assessing the impact of the AR experience via a formative test and survey revealed that despite only a modest increase in test performance, students over-whelmingly reported positively on the engaging nature and interactivity of AR. Critically, expanding our repertoire of content delivery formats will support the forward-thinking blended learning environments adopted across the higher education sector. © 2021, Association for Learning Technology. All rights reserved.",Association for Learning Technology
Murphy M.; Ortega M.L.; Moser P.; Feiel S.,"Murphy, Mariaelena (57199172828); Ortega, Manuel Labrador (57216935226); Moser, Peter (7102945424); Feiel, Susanne (57201155199)",57199172828; 57216935226; 7102945424; 57201155199,Education 4.0: MiReBooks - Development and Usage of Mixed Reality for Teaching Mining in Higher Education,2023,https://www.scopus.com/pages/publications/85173923224?origin=resultslist,"In order to meet workplace demands in relation to Industry 4.0, the MiReBooks project was established in 2019. The main focus of this paper is to present the project's outcomes in the field of Education 4.0 whereby, Mixed Reality (MR) Mining Engineering educational material was developed for teachers, this in order to integrate MR in classroom instruction with the aim to enhance student understanding and application of knowledge to increase their competence in the specific field of the subject. An account of a MR application in a mining lecture is presented, together with student feedback, providing grounds to ascertain that the integration of such technology can improve student learning in the achievement of lesson/course Learning Outcomes. © 2023 International Conference on Higher Education Advances. All rights reserved.",Universidad Politecnica de Valencia.
Muangchan P.; Yanhua Z.,"Muangchan, Pattanasak (59498229700); Yanhua, Zhao (57695728600)",59498229700; 57695728600,Augmented reality technology in a basic Chinese vocabulary course: a study in a Thai university,2025,https://www.scopus.com/pages/publications/85213964825?origin=resultslist,"Augmented Reality (AR) impacts various aspects of life, including education. For instance, AR is beneficial for teaching Chinese vocabulary to second-language learners. The primary objective of this study was to compare the achievement of first-year General Education (GE) students in Thailand in learning basic Chinese vocabulary through Augmented Reality (AR) and to evaluate their overall satisfaction with the Augmented Reality (AR) learning experience. The research employed an experimental design, establishing causality with controlled conditions and systematic variable manipulation. Simple random sampling was utilized, involving 180 students aged 18 to 21 from diverse majors, including English, marketing, communication arts, medical technology, veterinary science, and pharmacy. Of these, 58 students participated, and the group was divided into experimental and control groups. The results indicated that using Augmented Reality (AR) for teaching Chinese vocabulary led to improved achievement and might enhance comprehension, memorability, and retention compared to traditional methods. Additionally, qualitative findings revealed opportunities and challenges associated with employing Augmented Reality (AR) in teaching and learning. © 2024 The Author(s). Published by Informa UK Limited, trading as Taylor & Francis Group.",Taylor and Francis Ltd.
Aindow A.M.; Baines A.; Mccaffery T.; O’Neill S.; Salido F.R.M.; Collyer-Hoar G.; Limbert G.; Rubegni E.; Karnik A.,"Aindow, Autumn May (60053892400); Baines, Alexander (59210009100); Mccaffery, Toby (60053892500); O’Neill, Sterling (60054369800); Salido, Frolynne Rose Martinez (60054681900); Collyer-Hoar, Gail (59210716800); Limbert, George (60054682000); Rubegni, Elisa (6504458714); Karnik, Abhijit (39061631400)",60053892400; 59210009100; 60053892500; 60054369800; 60054681900; 59210716800; 60054682000; 6504458714; 39061631400,“Case By Case”: Investigating the Use of a VR-Based Allegorical Serious Game for Consent Education,2024,https://www.scopus.com/pages/publications/105013635170?origin=resultslist,"The topic of consent within interpersonal relationships is sensitive and complex. A serious game can provide a safe medium for the exploration of the topic of consent. In this paper, we aim to alleviate the challenges of designing a serious game artefact with the implicit goal of exploring the topic of consent. The resulting artefact, “Case By Case”, is a VR-based serious game targeting university students, which uses an allegory-based approach to achieve its goal. The participants play the role of a detective who is tasked with determining if individuals have committed theft, which serves as an allegory for breach of consent. “Case By Case” provides the users an opportunity to reflect on their decisions within the game and apply them to the complex situations of consent such as victim-blaming and bystander awareness. To evaluate the effectiveness of the game in achieving its implicit goal, we ran a user study (n = 24). The results show that “Case By Case” provided a safe environment for the users to reflect on the concept of consent and increase their understanding about the topic further. © 2024 by the authors.",Multidisciplinary Digital Publishing Institute (MDPI)
Asad M.M.; Naz A.; Churi P.; Guerrero A.J.M.; Salameh A.A.,"Asad, Muhammad Mujtaba (57203360700); Naz, Aisha (57359306600); Churi, Prathamesh (57188831747); Guerrero, Antonio José Moreno (57218897004); Salameh, Anas A. (57215844707)",57203360700; 57359306600; 57188831747; 57218897004; 57215844707,Mix Method Approach of Measuring VR as a Pedagogical Tool to Enhance Experimental Learning: Motivation from Literature Survey of Previous Study,2022,https://www.scopus.com/pages/publications/85127959313?origin=resultslist,"This research has been experimented on our previous literature review. Technological advancement has prevailed in the modern era from the 20th century. Artificial intelligence and virtual worlds have been created for rapid technological development. This paper is aimed at exploring the effect of virtual reality as a pedagogical tool for enhancing experiential learning among undergraduate students. Considering this, it was a mixed-methods study following the design of sequential exploratory-which includes qualitative followed by quantitative part. The targeted population was undergraduate students taking education programs from Public Sector Universities of Sindh. For the qualitative part, the sample of eight undergraduate students was interviewed for exploring their perceptions about virtual reality for enhancing experiential learning. The interviewed data were thematically analyzed, which revealed seven themes. For the quantitative part, emerged seven themes were used as constructs for developing the questionnaire. It was then used for quantitative data collection having excellent reliability. A sample of 80 students was taken, and data were collected by self-administration. The quantitative data were analyzed by descriptive as well as inferential statistics. Hence, the results found a statistically significant effect of virtual reality for enhancing experiential learning. However, user-friendliness ensures the applicability of virtual reality. Thus, it concluded that the implementation of virtual reality influences experiential learning enhancement. However, the implementation of virtual reality still depends upon the user-friendly nature of technology and virtual reality. © 2022 Muhammad Mujtaba Asad et al.",Hindawi Limited
Khadragy S.; Selim N.; Hassan D.; Setoutah S.; Abdelbary O.,"Khadragy, Saada (58343707700); Selim, Nadeen (59221472900); Hassan, Dalia (59222313400); Setoutah, Samira (57218590295); Abdelbary, Osama (59171089400)",58343707700; 59221472900; 59222313400; 57218590295; 59171089400,Virtual Reality-based Technologies in Higher Education: A Mixed-Methods Study of Faculty Views in the UAE,2025,https://www.scopus.com/pages/publications/105018213434?origin=resultslist,"Background/purpose. The integration of immersive technologies in education has been increasing. Such technologies include: the virtual reality (VR)-based technologies, which have raised engagement and interactivity, and foster the development of skills in academic settings. Thus, this study aimed to explore the attitudes of faculty members in Emirati higher education institutions toward the use of VR-based technologies. It also aimed to identify the associated challenges. Materials/methods. A mixed-method approach was adopted. It involves the quantitative and qualitative approaches. A five-point Likert scale questionnaire was distributed online to faculty members in Emirati universities. 225 faculty members filled in the survey. Additionally, 22 faculty members were interviewed through in-depth interviews. The sample is considered a random sample. Quantitative data were analyzed using the SPSS program. The qualitative responses were analyzed through conducting a thematic analysis. Results. Faculty members generally exhibit positive attitudes toward the use of VR in education. The significant advantages of such use include: enhanced student engagement, improved problem-solving and critical thinking skills, and increased learning motivation. The associated challenges include high implementation costs, a lack of continuous training, and time constraints in content delivery. Conclusion. VR-based technologies enhance the quality of education, and the sampled faculty members have a positive attitude towards using such technologies. © The Author(s), 2025.",Universitepark
Hutson J.; Olsen T.,"Hutson, James (57797793000); Olsen, Trenton (58145337800)",57797793000; 58145337800,Virtual Reality and Art History: A Case Study of Digital Humanities and Immersive Learning Environments,2022,https://www.scopus.com/pages/publications/85126516903?origin=resultslist,"The potential benefits of integrating immersive realities into traditional humanities curricula have been touted over the last two decades, but budgetary and technical constraints of implementation have limited its adoption. However, recent advances in technology, along with more affordable hardware coupled with more user-friendly interfaces, have seen widespread adoption beyond that of the military and healthcare. In fact, higher education institutions are poised to adopt VR on a broader scale to enhance learning with virtual environments. This study seeks to determine the expectations and results of integrating virtual reality into coursework with students and faculty in Art History. The study surveyed students, first to ascertain the prevalence and familiarity of immersive reality technologies, as well as the perceived benefit of integration into curriculum. Next, surveys collected data on student experience relating to virtual reality assignments integrated into coursework for both face-to-face and online learners. The results provide a model for other institutions for a variety of disciplines to reinforce outcomes through strategic use of the technology. © 2022, North American Business Press. All rights reserved.",North American Business Press
Situmorang R.; Kustandi C.; Maudiarti S.; Widyaningrum R.; Ariani D.,"Situmorang, Robinson (57211244025); Kustandi, Cecep (57210157420); Maudiarti, Santi (57222118367); Widyaningrum, Retno (57222252302); Ariani, Diana (57222123846)",57211244025; 57210157420; 57222118367; 57222252302; 57222123846,Entrepreneurship Education Through Mobile Augmented Reality for Introducing SMEs in Higher Education,2021,https://www.scopus.com/pages/publications/85101573190?origin=resultslist,"Entrepreneurship Education through Augmented Reality can give advantages in the learning process. This article aims to assess the development of Mobile Augmented Reality to introduce SMEs to college students. In the indication process, we used a mixed exploratory method. The needs of students in the learning process are carried out through a qualitative approach with interviews. We identify the effectiveness of Mobile Augmented Reality through a quantitative approach, namely surveys and tests. Our findings show that 77% of students give an opinion that Mobile Augmented Reality is effective. Also, student learning outcomes show an increase at posttest. Our research confirms that students' experience as users is essential for adopting Mobile Augmented Reality in the learning process. © 2021. All rights reserved.",International Association of Online Engineering
Krajčovič M.; Matys M.; Gabajová G.; Komačka D.,"Krajčovič, Martin (36616392600); Matys, Marián (57222605556); Gabajová, Gabriela (56464306500); Komačka, Dávid (58965681300)",36616392600; 57222605556; 56464306500; 58965681300,Utilization of Immersive Virtual Reality as an Interactive Method of Assignment Presentation,2024,https://www.scopus.com/pages/publications/85191289388?origin=resultslist,"Virtual reality is a technology with many possible uses and ways to improve various processes, including the presentation of results. This paper deals with the utilization of virtual reality as a tool for assignment presentation. During the classes of manufacturing and assembly systems design, the conventional form of presentation was replaced with immersive virtual reality, where the students would present their work while wearing the virtual reality headset and walking around the 3D model of their design. The main goal was to test whether this approach had a positive impact on the students’ motivation and engagement in the presentation creation and presenting itself. To test this approach, a small case study took place at the Department of Industrial Engineering, Faculty of Mechanical Engineering at the University of Žilina. In conclusion, the overall responses to this experiment were positive; the majority of the students felt more comfortable while presenting and more motivated to put more effort into their preparation. Wearing a virtual reality headset caused the students not to have to directly face the audience, giving them more confidence while presenting. Additionally, the novelty of the virtual reality technology made the students more engaged in showing their work. There is a plan to integrate the virtual reality presentation as the stable part of this assignment. © 2024 by the authors.",Multidisciplinary Digital Publishing Institute (MDPI)
Hidayah N.P.; Wicaksono G.W.; Amiludin A.; Sakinata A.A.; Arcelia A.S.; Andesti K.; Muafika S.N.L.; Saleha M.M.,"Hidayah, Nur Putri (58024517300); Wicaksono, Galih Wasis (57216005362); Amiludin, Amiludin (58302951800); Sakinata, Annisa’ Al (59715475900); Arcelia, Allysa Sonia (59714695700); Andesti, Kiki (59715671100); Muafika, Siti Nurmala Lailatul (59716061400); Saleha, Meisya Maulidina (59715866100)",58024517300; 57216005362; 58302951800; 59715475900; 59714695700; 59715671100; 59716061400; 59715866100,Metaverse as the solution to the absence of a constitutional court moot courtroom in universities,2024,https://www.scopus.com/pages/publications/105001444922?origin=resultslist,"Courses related to procedural law are practicum courses with Course Learning Outcomes (CLO)/ Capaian Pembelajaran Mata Kuliah (CPMK) students who can simulate trials in court. In this case, the moot courtroom's urgency is to provide an infrastructure for students to conduct moot trials. One of the practicum courses is the Constitutional Court's Judicial Procedural Law. Students who take this course must be competent and able to practice in the objective realm of justice. However, based on the observation and tracing results, the service activities' partners do not have a moot courtroom in the constitutional court, so they cannot carry out moot court in the course. Digital/virtual space, known as Metaverse, is a solution for procuring infrastructure for the constitutional court's moot courtroom. The results of this service show that the Metaverse Moot Court of the Constitutional Court is an appropriate technology-based product that is the only quick solution to the absence and limitations of the Constitutional Court's moot courtroom at Partner universities. Partners do not need to spend millions to billions of Rupiahs to procure facilities and infrastructure for the Constitutional Court's moot courtroom. In addition, this product is a solution to time constraints, considering that the campus has operational hours while students are still required to be proficient in practicing proceedings at the Constitutional Court. Finally, the virtual reality technology product implemented in this pseudocourtroom provides an immersive experience like the real atmosphere in the courtroom. It makes students more excited and increases motivation to practice the trial. © Author(s).",Universitas Negeri Semarang
Chamorro-Atalaya O.; Morales-Romero G.; Quispe-Andía A.; Quispe-Guía S.; Guía-Altamirano T.; Auqui-Ramos E.; Linares-Sánchez G.; Sandoval-Nizama G.; Arévalo-Tuesta J.A.,"Chamorro-Atalaya, Omar (57729726800); Morales-Romero, Guillermo (57226641946); Quispe-Andía, Adrián (57322720800); Quispe-Guía, Shirley (57323202500); Guía-Altamirano, Teresa (57322720900); Auqui-Ramos, Elizabeth (57350933100); Linares-Sánchez, Guillermo (58162314800); Sandoval-Nizama, Genaro (57892905800); Arévalo-Tuesta, José Antonio (57396261800)",57729726800; 57226641946; 57322720800; 57323202500; 57322720900; 57350933100; 58162314800; 57892905800; 57396261800,"Contribution of Augmented Reality in Teaching and Learning, in the Midst of COVID-19: Systematic Review",2023,https://www.scopus.com/pages/publications/85151152072?origin=resultslist,"The state of emergency declared in many countries due to the pandemic led universities to consider the incursion of technological tools to give continuity to the teaching and learning process; therefore it is significant to explore results regarding the application of augmented reality (AR) in education. The objective of the research is to generate knowledge from the systematic review of the literature framed in the context of virtual teaching in the midst of COVID-19. A bibliographic review was carried out under a mixed approach, exploratory and descriptive level. The findings showed that the application of AR in learning is not exclusive to any engineering specialty, but, on the contrary, it is versatile and adapts to various curricular contents; Also, the way in which augmented reality is applied is more focused on the use of mobile augmented reality (mobile AR) technology with markerless activation. In addition, it was identified that the factors that were analysed to demonstrate the contribution of AR were: the effectiveness of learning, the predisposition to use AR and the motivation generated by AR. With which it can be concluded that AR in this context has managed to position itself as a learning resource that goes beyond a tool linked to a virtual classroom, since it allows the student to transcend towards immersion in environments with high contextual fidelity. Future research should address which factors influence the improvement of mobile AR activation sensitivity, in different contexts. © Authors.",Society for Research and Knowledge Management
Suwal A.; Wu W.; Luo Y.,"Suwal, Ashma (58701786100); Wu, Wei (55707471100); Luo, Yupeng (56139591000)",58701786100; 55707471100; 56139591000,COMPARING COLLABORATIVE LEARNING IN VARIOUS LEARNING MODALITIES,2023,https://www.scopus.com/pages/publications/85177224762?origin=resultslist,"Due to the increasingly dispersed project team composition, the architecture, engineering, and construction (AEC) industry has been practicing remote collaboration long before the COVID-19 global pandemic. On the other hand, higher education went through a deep learning curve in adapting to online teaching and learning. As a result, there are uncertainties about best practices to prepare students for redefined project team collaboration in the post-pandemic AEC industry. Therefore, this research explores and compares three different modalities, i.e., face-to-face, Zoom, and web-based social virtual reality (VR), in teaching students about collaboration using project-based learning. A mixed-method approach was utilized to capture perceptual and behavioral data to help understand the characteristics and effectiveness of collaboration in these different modalities. The results suggested comparable outcomes in project progress, but the patterns in time use, team dynamics, and perceptions of team collaboration indicated unique features of each modality. © 2023, European Council on Computing in Construction (EC3). All rights reserved.",European Council on Computing in Construction (EC3)
Marks B.; Thomas J.,"Marks, Benjy (25422214100); Thomas, Jacqueline (24466076700)",25422214100; 24466076700,Adoption of virtual reality technology in higher education: An evaluation of five teaching semesters in a purpose-designed laboratory,2022,https://www.scopus.com/pages/publications/85109674430?origin=resultslist,"Virtual and augmented (VAR) technology is in the early stages of being adopted as a teaching platform in higher education. The technology can facilitate immersive learning in environments that are not usually physically accessible to students via 3D models and interactive 360° videos. To date, adoption rates of VAR technology for teaching have not been well described across a higher education institution. Further, there is an absence of information on the optimal VAR laboratory designs and cost per student. In this study, a purpose designed virtual reality laboratory was formed in 2017 at The University of Sydney, housing 26 Oculus Rift headset units. An evaluation was conducted on the design, costs, rates of teaching adoption and student experiences over five teaching periods (2.5 years). Over this period, 4833 students were taught in the laboratory across 7952 student visits. The laboratory was used most by the Faculty of Engineering (53%), followed by the Faculty of Arts & Social Science (23.8%) and Faculty of Science (23.2%). For engineering, the units of study using the laboratory represented only 1.4% of annual faculty subjects offered. This confirms that adoption was in the initial stage of innovation diffusion. The laboratory saw a 250% increase in student numbers over the period of evaluation and 71.5% of students surveyed (n = 295) reported enhanced learning outcomes. The cost per visit was only AU$ 19.50. These findings give confidence to higher education institutions that the right VAR technology infrastructure is a sound educational investment for the future. © 2021, The Author(s), under exclusive licence to Springer Science+Business Media, LLC, part of Springer Nature.",Springer
Kannegiser S.,"Kannegiser, Samantha (57209217080)",57209217080,Effects of an augmented reality library orientation on anxiety and self-efficacy: An exploratory study,2021,https://www.scopus.com/pages/publications/85105472798?origin=resultslist,"Academic libraries use scavenger hunt library orientations to engage students and teach them about the library. Libraries are also starting to use augmented reality (AR) technology in orientations, instruction, and programming. Some libraries have tried augmented reality scavenger hunts for freshman library orientations, but studies have not been done to compare the traditional and AR orientations. This exploratory, quasi-experimental study investigates if the AR library orientation impacts freshman undergraduates’ perceptions of the library as measured by students’ anxiety and confidence levels. Two groups of first-time, first-year undergraduate students participated in a library orientation in Summer 2019. One received the traditional scavenger hunt model, and another experienced an augmented reality version of the scavenger hunt. Both groups took a pre-orientation survey to determine their comfort with the libraries and librarians in general, and then a post-orientation questionnaire to determine any change in perception of libraries and librarians as well as their satisfaction with the orientation experience. By comparing pre- and post-survey results from both sets of students, this study determined that while both orientations had a positive impact on students’ perceptions of the library, the AR orientation had a significant impact on students’ perceptions of librarians’ desire to help them. © 2021 Samantha Kannegiser.",Association of College and Research Libraries
Kluge M.G.; Maltby S.; Kuhne C.; Evans D.J.R.; Walker F.R.,"Kluge, Murielle G. (57192387182); Maltby, Steven (6507446799); Kuhne, Caroline (57935863100); Evans, Darrell J. R. (36048070200); Walker, Frederick Rohan (35365234800)",57192387182; 6507446799; 57935863100; 36048070200; 35365234800,"Comparing approaches for selection, development, and deployment of extended reality (XR) teaching applications: A case study at The University of Newcastle Australia",2023,https://www.scopus.com/pages/publications/85140309987?origin=resultslist,"The use of extended reality (XR) technology in education offers many advantages for transferring knowledge and practical skills training at the higher education level. As a result, many Universities over the past 5 + years have undertaken pilot programs to both develop XR content and assess how to best implement it within existing teaching and learning systems. Unfortunately, very few of these efforts have included structured evaluation or documentation. As such, limited published evidence exists to inform processes and approaches that may assist or hinder broad scale implementation. This leads many Universities to unnecessarily commit significant time and resources to testing identical or similar approaches, resulting in repeated identification of the same or similar challenges. In response to this situation, The University of Newcastle, Australia decided to systematically document the approach for selection, development and implementation of four new virtual-reality (VR) teaching applications. The current paper contains a detailed intrinsic case study, outlining the process and critical elements that shaped the selection of suitable teaching content, software development, hardware solutions and implementation. Details are provided on how decisions were made, what components were considered helpful, challenges identified, and important lessons outlined. These findings will be useful to organisations and individuals as they look to develop pathways and processes to integrate XR technology, particularly within their existing training and educational frameworks. © 2022, The Author(s).",Springer
dos Anjos F.E.V.; Rocha L.A.O.; Pacheco R.; da Silva D.O.,"dos Anjos, Fernando Elemar Vicente (57953591600); Rocha, Luiz Alberto Oliveira (7102199528); Pacheco, Rodrigo (57223449144); da Silva, Débora Oliveira (56301094900)",57953591600; 7102199528; 57223449144; 56301094900,Teaching-learning strategies to production planning and control concepts: Application of scenarios to sequencing production with virtual reality support,2021,https://www.scopus.com/pages/publications/85115251511?origin=resultslist,"This paper aims to present scenarios to be applied in higher education to the theme of production planning and control, addressing factors of the production system and indicators arising from this process and the application of virtual reality to support the process. The applied method combines the development of six scenarios for virtual reality application and the discussion about the impacts in indicators from the production planning and control, for example, inventory in the process, manufacturing lead-time, use of equipment, and punctual delivery attendance. Findings revealed that the teaching-learning process of production planning and control, when applied through scenarios, generates opportunities for students to learn the impact in the indicators. The virtual reality in this environment supports creating differentiated teaching-learning environments to generate the most significant knowledge for students which positively impacts the future in the world of work. In addition, it allows people involved in the teaching-learning processes of production engineering to apply the concepts presented in the sequencing process, lean about the impacts of decisions on production sequencing indicators and appreciate the support of virtual reality to generate an environment more cognitive for students. © Authors This work is licensed under a Creative Commons Attribution-NonCommercial-NoDerivatives 4.0 International License (CC BY-NC-ND 4.0).",Society for Research and Knowledge Management
Kulkarni R.V.; Harne R.,"Kulkarni, Radhika V. (55523101520); Harne, Rajat (58723338800)",55523101520; 58723338800,ADOPTION AND USAGE OF AUGMENTED REALITY-BASED VIRTUAL LABORATORIES TOOL FOR ENGINEERING STUDIES,2024,https://www.scopus.com/pages/publications/85203982385?origin=resultslist,"Aim/Purpose The study seeks to utilize Augmented Reality (AR) in creating virtual laboratories for engineering education, focusing on enhancing teaching methodologies to facilitate student understanding of intricate and theoretical engineering principles while also assessing engineering students’ acceptance of such laboratories. Background AR, a part of next-generation technology, has enhanced the perception of reality by overlaying virtual elements in the physical environment. The utilization of AR is prevalent across different disciplines, yet its efficacy in facilitating Science, Technology, Engineering, and Mathematics (STEM) education is limited. Engineering studies, a part of STEM learning, involves complex and abstract concepts like machine simulation, structural analysis, and design optimization; these things would be easy to grasp with the help of AR. This restriction can be attributed to their innovative characteristics and disparities. Therefore, providing a comprehensive analysis of the factors influencing the acceptance of these technologies by students - the primary target demographic – and examining the impact of these factors is essential to maximize the advantages of AR while refining the implementation processes. Methodology The primary objective of this research is to develop and evaluate a tool that enriches the educational experience within engineering laboratories. Utilizing Unity game engine libraries, digital content is meticulously crafted for this tool and subsequently integrated with geo-location functionalities. The tool’s userfriendly interface allows both faculty and non-faculty members of the academic institution to establish effortlessly the virtual laboratory. Subsequently, an as- sessment of the tool is conducted through the application of the Unified Theory of Acceptance and Use of Technology (UTAUT2) model, involving the administration of surveys to university students to gauge their level of adaptability. Contribution The utilization of interactive augmented learning in laboratory settings enables educational establishments to realize notable savings in time and resources, thereby achieving sustainable educational outcomes. The study is of great importance due to its utilization of student behavioral intentions as the underlying framework for developing an AR tool and illustrating the impact of learner experience on various objectives and the acceptance of AR in Engineering studies. Furthermore, the research results enable educational institutions to implement AR-based virtual laboratories to improve student experiences strategically, align with learner objectives, and ultimately boost the adaptability of AR technologies. Findings Drawing on practice-based research, the authors showcase work samples and a digital project of AR-based Virtual labs to illustrate the evaluation of the adaptability of AR technology. Adaptability is calculated by conducting a survey of 300 undergraduate university students from different engineering departments and applying an adaptability method to determine the behavioral intentions of students. Recommendations for Practitioners Engineering institutions could leverage research findings in the implementation of AR to enhance the effectiveness of AR technology in practical education settings. Recommendations for Researchers The authors implement a pragmatic research framework aimed at integrating AR technology into virtual AR-based labs for engineering education. This study delves into a unique perspective within the realm of engineering studies, considering students’ perspectives and discerning their behavioral intentions by drawing upon previous research on technology utilization. The research employs various objectives and learner experiences to assess their influence on students’ acceptance of AR technology. Impact on Society The use of AR in engineering institutions, especially in laboratory practicals, has a significant impact on society, supported by the UTAUT2 model. UTAUT2 model assesses factors like performance, effort expectancy, social influence, and conditions, showing that AR in education is feasible and adaptable. This adaptability helps students and educators incorporate AR tools effectively for better educational results. AR-based labs allow students to interact with complex engineering concepts in immersive settings, enhancing understanding and knowledge retention. This interactive augmented learning for laboratories saves educational institutions significant time and resources, attaining sustainable learning. Future Research Further research can employ a more comprehensive acceptance model to examine learners’ adaptability to AR technology and try comparing different adaptability models to determine which is more effective for engineering students. © (2023), (Informing Science Institute). All Rights Reserved.",Informing Science Institute
Valladares Ríos L.; Acosta-Diaz R.; Santana-Mancilla P.C.,"Valladares Ríos, Luis (60054682300); Acosta-Diaz, Ricardo (42861077500); Santana-Mancilla, Pedro C. (58039380400)",60054682300; 42861077500; 58039380400,Enhancing Self-Learning in Higher Education with Virtual and Augmented Reality Role Games: Students’ Perceptions,2023,https://www.scopus.com/pages/publications/105013654155?origin=resultslist,"This study investigates how virtual and augmented reality role games impact self-learning in higher education settings. A qualitative research–action approach that involved creating augmented reality micro-stories to encourage creativity and critical thinking was used. Through role-playing, students collaborated and gained a deeper understanding of the course, improving their self-learning abilities. The findings indicate that incorporating virtual and augmented reality into higher education positively affects self-learning, promoting active student engagement and meaningful learning experiences. Additionally, students perceive these immersive educational methods as bridging the gap between virtual and in-person learning environments, ultimately leading to enhanced educational results. © 2023 by the authors.",Multidisciplinary Digital Publishing Institute (MDPI)
Zhao Z.; Weng N.G.; Sharif S.B.,"Zhao, Zhongyin (58628873200); Weng, Ng Giap (57203865991); Sharif, Sabariah Bte (39862198600)",58628873200; 57203865991; 39862198600,The intelligence between the influence of AR technical ideological and political courses on the different characteristics of college students,2023,https://www.scopus.com/pages/publications/85173840478?origin=resultslist,"In the contemporary educational ecosystem, Augmented Reality (AR) technology is marking its prominence across diverse disciplines globally, and China has been an active adopter. By integrating AR, educators, especially those handling ideological and political courses, can elevate their teaching methodologies, rendering them more interactive and engaging. For instance, traditionally static textbook content can be transformed into interactive elements, allowing students a tactile experience, while intricate theoretical constructs can be elucidated through dynamic video demonstrations. Such immersive approaches not only enhance comprehension but also significantly boost students’ enthusiasm and classroom involvement. Beyond mere content delivery, AR opens up avenues for innovative classroom exercises and evaluations. Within the framework of ideological and political courses, students, by leveraging AR, can simulate real-world scenarios, ensuring that knowledge transcends theory and is solidified through practical application. The essence of our research underscores the pivotal role of AR in rejuvenating pedagogical strategies, fostering improved learning outcomes, and ensuring a holistic understanding of intricate ideological and political concepts. © 2023 by author(s).",Frontier Scientific Publishing
Çoban M.; Topuz A.C.; Karabulut A.; Chiu T.K.F.,"Çoban, Murat (56715612100); Topuz, Arif Cem (57160885000); Karabulut, Ahmet (59278243500); Chiu, Thomas K. F. (56435413000)",56715612100; 57160885000; 59278243500; 56435413000,Comparing Realities: A Study on the Impact of Virtual Reality versus Paper-Based Reading on Higher Education Students' Comprehension Skills,2024,https://www.scopus.com/pages/publications/85201643125?origin=resultslist,"Virtual Reality (VR) stands at the forefront of transformative educational technologies in the 21st century, promising to redefine traditional learning paradigms. This research delves into the impact of VR on higher education students' Reading Comprehension (RC) skills, contrasting it with conventional paper-based reading environments. By conducting a comparative analysis of RC skills among students engaged in reading a selected narrative through VR glasses and those using a paper-based format, this study offers valuable insights into the efficacy and challenges of VR in enhancing reading comprehension. A cohort of 98 undergraduate students participated in this study, which employed a mixed-methods research approach to scrutinize the differences in RC outcomes between the experimental (VR) and control (paper-based) groups. The findings reveal a notable disparity in RC scores, with the control group outperforming their VR counterparts, highlighting the need for further investigation into the obstacles faced by students when reading in a VR setting. Qualitative analysis sheds light on the underlying reasons for the diminished RC levels observed in the VR group, providing a nuanced understanding of the interaction between medium and comprehension. The implications of this research are far-reaching, offering crucial guidance to educational technologists, curriculum designers, policy makers, and educators contemplating the integration of VR into educational frameworks. By identifying the constraints and potential of VR in reading instruction, this study paves the way for optimizing VR-based learning environments to foster higher levels of reading comprehension among students. © 2024, Ozgen Korkmaz. All rights reserved.",Ozgen Korkmaz
Pan Y.,"Pan, Yingying (57831300200)",57831300200,Designing Smart Space Services by Virtual Reality-Interactive Learning Model on College Entrepreneurship Education,2022,https://www.scopus.com/pages/publications/85135499309?origin=resultslist,"The purpose was to improve the limitations of traditional entrepreneurship education, realize the virtual interactive learning between college students and teachers, and stimulate students’ exploration of entrepreneurship. This work first discusses the working principle of Virtual Reality (VR) and builds an Interactive Learning Model (ILM) using VR. Then, the VR-ILM is used to design the Smart Space services. Harris Corner Detector (HCD) is used to detect the pixel grayscale change in the Smart Space image window. Further, the VR-ILM-based Smart Space is proposed according to the Smart Space design requirements and principles. Finally, the proposed VR-ILM-based Smart Space is applied to College Entrepreneurship Education (CEE). Its impact on the CEE market, employment in different industries, and students’ satisfaction with CEE are studied. The results show that the proposed VR-ILM-based Smart Space has increased the entrepreneurship teaching courses, entrepreneurship coaching activities, and entrepreneurship practice activities by 4, 6, and 24%, respectively. It has reduced entrepreneurship competitions and other forms of entrepreneurship education by 4 and 16%. The proposed VR-ILM-based Smart Space has dramatically improved the practical teaching of CEE. Meanwhile, real estate services have felt the most significant impact of the proposed VR-ILM-based Smart Space, with an employment increase of 43%. Lastly, students’ satisfaction with entrepreneurship education practice and teaching methods has increased by nearly 50%. The satisfaction with the internal environment has increased to 78%. The satisfaction with the curriculum system, teachers, and industry financing has increased from 30 to 45%, 24 to 36%, and 45 to 63%, respectively. The satisfaction with the teaching goal has increased to 62%. Thus, the proposed VR-ILM-based Smart Space has dramatically improved students’ satisfaction with CEE and has a different impact on the market, industry, and satisfaction with CE. The finding has a certain reference for the VR interactive model. Copyright © 2022 Pan.",Frontiers Media S.A.
Gudoniene D.; Rutkauskiene D.,"Gudoniene, Daina (55365896500); Rutkauskiene, Danguol (6506102040)",55365896500; 6506102040,Virtual and augmented reality in education,2019,https://www.scopus.com/pages/publications/85083463667?origin=resultslist,"Over the past few years, VR and AR have been gaining popularity very fast. Implementations of new technologies caused the development of AR and VR. Both virtual reality and augmented reality is not yet widely used in higher education and the purpose of this paper is to provide a model for the development of integrated learning objects based on VR and AR approach where VR and AR objects could be integrated into other educational content as learning objects by creating integrated learning programs, learning scenarios or etc. This paper provides the literature review on virtual and augmented reality and analysis of integrated models for educational process implementation. The suggested model validates authors' conclusions and leads to recommendations for its implementation. © 2019 Baltic Journal of Modern Computing. All rights reserved.","University of Latvia, Institute of Mathematics and Informatics"
Zeng J.; Fan D.; Hu H.; Huang G.; Zhang H.,"Zeng, Jingsheng (59679980400); Fan, Dayu (60356221100); Hu, Hanlin (58241577700); Huang, Guan (57681945000); Zhang, Haohua (59010390400)",59679980400; 60356221100; 58241577700; 57681945000; 59010390400,Research on the influence of personalized principles in AR educational resources on the learning effectiveness of college students,2026,https://www.scopus.com/pages/publications/105028912795?origin=resultslist,"With the rapid development of modern educational technology, the application of augmented reality (AR) technology in education is gradually showing its potential. While building innovative teaching environments and experiential learning scenarios, abstract concepts are visualized to create a learning space that combines interactivity and immersion. Through gamified design elements and incentive mechanisms, learners' participation and learning effectiveness are effectively enhanced, bringing new educational possibilities and research dimensions. This study is supported by theories such as multimedia learning cognitive emotion theory, embodied cognition theory, and cognitive load theory, and independently developed two AR educational resources. Based on the theme nature of learning materials (neutral/negative) and learner characteristics (high/low spatial ability), a two-dimensional division is carried out, and a quasi experimental research method is adopted. Eye tracking technology and brainwave technology are comprehensively used to collect physiological data of learners from multiple dimensions such as visual attention allocation, cognitive load, and emotion. The learning process and cognitive mechanism boundary conditions of learners in different types of AR materials are analyzed in depth. Research has found that personalized storytelling styles have different effects on maintaining and transferring high and low spatial abilities, while formal storytelling styles have different effects on subjective psychological effort, cognitive use, learning interest, positive emotions, and attention toward high and low spatial abilities. Copyright © 2026 Zeng, Fan, Hu, Huang and Zhang.",Frontiers Media SA
Asani E.O.; Chidioke M.Z.; Shoyombo A.J.; Kayode A.A.; Ezenwoke A.; Okocha F.,"Asani, Emmanuel Oluwatobi (57204938840); Chidioke, Mmesoma Zuri (57209223524); Shoyombo, Ayoola John (57207889347); Kayode, Aderonke Anthonia (57209221878); Ezenwoke, Azubuike (55681256800); Okocha, Foluke (57193500234)",57204938840; 57209223524; 57207889347; 57209221878; 55681256800; 57193500234,LF-ViT: Development of a Virtual Reality guided tour mobile app of Landmark University teaching and research farm,2019,https://www.scopus.com/pages/publications/85066903606?origin=resultslist,"In this work, we designed and developed a Virtual Reality guided tour mobile app for Landmark University farms, LF-ViT. We were motivated by the need to circumvent the problem of bio-security caused by incessant visit to the farm by visitors, tourists or customers. The guided tour was implemented using the storytelling technique. Other technical details of the design and implementation process are discussed. © 2019 International Association of Online Engineering.",International Association of Online Engineering
Tan T.L.; Nguyen H.T.T.; Khanh N.C.N.; Le T.H.T.; Vo U.T.H.,"Tan, Trinh Le (57211485154); Nguyen, Hoai Thu Thi (59125453500); Khanh, Nguyen Chau Ngoc (59125959400); Le, Thanh Hien Thi (59125626100); Vo, Uyen Truong Hoang (59126305400)",57211485154; 59125453500; 59125959400; 59125626100; 59126305400,RESEARCHING INFLUENCES OF LEARNER EXPERIENCE ON AR/VR ADOPTION - THE CASE OF VIETNAMESE UNIVERSITIES,2024,https://www.scopus.com/pages/publications/85193008149?origin=resultslist,"Aim/Purpose The study aims to analyze the elements/factors that impact students’ augmented reality/virtual reality (AR/VR) adoption through their behavior in Vietnamese higher education. In particular, the research demonstrates the influences of and relationships between multiple goals, learner experience, and barriers to adopting AR/VR. Background The widespread adoption of digital transformation in numerous industries demonstrates its prospects and potential for growth. Many cutting-edge technologies, including AR and VR, have been included in educational activities because they have the potential to elevate academic standards across numerous colleges. However, their implementation and practice within higher education appear confusing to lecturers, organizations, and, in particular, students. Their innovative nature and differences are the fundamental causes. Hence, thoroughly elaborating the elements that impact the adoption of students – the target audience – through investigating the behavior if these factors are crucial to ensure the benefits of AR/VR are leveraged while the implementation procedures are enhanced. Methodology By integrating earlier research, the research proposes a theoretical framework to explore how learners of AR/VR adopt these technologies. Discussion group interviews with professionals, namely four lecturers at Vietnam universities, were conducted. The professionals adjusted elements and changed the scales in order to optimize them in accordance with the context of Vietnamese universities. Additionally, the authors surveyed 200 students whose responses were transformed into numerical data. SmartPLS-SEM 4.0.9.3 software was used to test whether specific hypotheses were accepted or rejected. Contribution The research holds immense significance as it employs customer behavior as the foundational theory to construct a proposed model delineating the influence of learner experience on multiple goals and AR/VR adoption. Moreover, the study’s findings empower educational establishments to strategically allocate resources toward enhancing student experiences, aligning with learner goals, and consequently augmenting the adoption of AR/VR technologies. Findings Regarding the relationship between learner experience and multiple goals, the findings indicate that convenience experience greatly impacts academic goals and social goals. Immersive experience also has a remarkable influence on academic goals, social goals, and practical goals. As regards the impact of multiple goals on AR/VR adoption, the research reveals that academic, social, and practical goals have a significant effect on such adoption. Concerning the correlation between learner experience and AR/VR adoption, it can be seen that usage experience and entertainment experience have a beneficial effect on such adoption. Recommendations for Practitioners In terms of practical contributions, educational organizations in Vietnam can use the research during AR/VR implementation processes to maximize the benefits of AR/VR in education. Recommendations for Researchers The authors conduct a theoretical research framework for the adoption of AR/VR technology into Vietnam’s higher education digital platform. The research approaches a different aspect in the context of higher education, which considers students as customers based on prior research on customer behaviors through multiple goals and learner experiences to evaluate their impacts on the AR/VR adoption of students. Impact on Society AR/VR has achieved extensive utilization and widespread acclaim across various sectors, notably education. Within the context of higher education institutions, the integration of AR/VR applications not only has advantages but also presents associated challenges. Therefore, the present inquiry was undertaken to elucidate the determinants influencing students’ receptiveness toward AR/VR utilization. Educational establishments can leverage the insights gained from analyzing the learner experience and multifaceted objectives of, as well as impediments to, AR/VR assimilation to enhance favorable elements and mitigate unfavorable aspects during the process of AR/VR implementation. The overarching objective is to elevate the degree of AR/VR adoption among students. Future Research Further research can consult the customer behavior approach regarding technological adoption in educational contexts. In addition, apart from adoption, dependent variables can be studied, such as satisfaction with or decision to use AR/VR in future research. © (CC BY-NC 4.0) This article is licensed to you under a Creative Commons Attribution-NonCommercial 4.0 International License. When you copy and redistribute this paper in full or in part, you need to provide proper attribution to it to ensure that others can later locate this work (and to ensure that others do not accuse you of plagiarism). You may (and we encourage you to) adapt, remix, transform, and build upon the material for any non-commercial purposes. This license does not permit you to use this material for commercial purposes",Informing Science Institute
Berrezueta-Guzman S.; Wagner S.,"Berrezueta-Guzman, Santiago (60413348200); Wagner, Stefan (55286051900)",60413348200; 55286051900,Next-Gen orientation: supporting international students with generative AI NPCs in VR,2026,https://www.scopus.com/pages/publications/105033981968?origin=resultslist,"Educational Virtual Reality (VR) provides immersive learning environments, yet most contemporary applications rely on pre-scripted Non-Player Characters (NPCs) that offer limited personalization and rigid interaction paths. This study presents the technical implementation and evaluation of TUMSphere, a VR orientation platform designed to facilitate the academic and cultural transition of international students. We propose a modular architecture that integrates Large Language Models (LLMs) with Unreal Engine via the Conversational AI (Convai) platform, enabling embodied NPCs to provide real-time speech recognition, context-aware dialogue, and autonomous spatial navigation. To validate this approach, a mixed-methods user study (N = 24) was conducted with international students to assess system latency, usability, and pedagogical efficacy. Results demonstrate a high System Usability Scale (SUS) score of 76.4 (SD = 12.5) and robust task completion rates, reaching 100% for spatial navigation and 96% for information retrieval. While technical benchmarking revealed an average end-to-end latency of 2.90s for complex, retrieval-heavy queries, qualitative findings indicate that users find this “latency-presence trade-off” acceptable in exchange for the pedagogical benefits. Crucially, participants reported a significant reduction in social anxiety when practicing language and administrative queries with AI agents compared to human interlocutors. These findings suggest that embodied, generative AI NPCs can serve as a scalable, low-pressure “social sandbox” that effectively redefines student support systems and orientation strategies in higher education. Copyright © 2026 Berrezueta-Guzman and Wagner.",Frontiers Media SA
Juita R.; Inan D.I.; Indra M.,"Juita, Ratna (56862358400); Inan, Dedi I. (56312562400); Indra, Muhammad (60599300500)",56862358400; 56312562400; 60599300500,Does utilising augmented reality in learning process improve student’s cognitive processing? A cognitive absorption approach,2025,https://www.scopus.com/pages/publications/105026710300?origin=resultslist,"Augmented reality (AR) integration in learning aims to improve overall educational experiences through multiple pathways, with cognitive processing enhancement serving as a fundamental mechanism. Whilst AR’s benefits encompass motivation, engagement and satisfaction, understanding how AR influences cognitive processing provides crucial insights into the underlying mechanisms that drive these broader improvements. Despite broad recognition of this goal, it remains underexplored. Drawing on cognitive absorption theory, this study examines how key cognitive absorption factors influence cognitive processing benefits. Data were collected from 184 university students and analysed using partial least square-structural equation modelling and importance-performance map analysis (IPMA). Findings reveal that enjoyment, control and curiosity significantly influence perceived usefulness (PU) (R2 = 62.4%) and ease of use (R2 = 65.4%). These factors, in turn, mediate immersive experiences (R2 = 63.7%), which significantly affect cognitive processing benefits (R2 = 55.3%). The results suggest that within AR-based learning, traditional technology acceptance models should be reconsidered. Notably, whilst perceived ease of use and enjoyment are important (as shown by IPMA), they do not significantly impact PU. Additionally, multi-group analysis indicates that AR-supported learning results in consistent cognitive processing outcomes for students from both natural and social sciences, suggesting AR’s broad applicability across academic disciplines. © 2025 R. Juita et al.",Association for Learning Technology
Nevoenna O.; Kotun K.; Voznyuk O.; Zaverukha Y.; Kushevska N.,"Nevoenna, Olena (60109115800); Kotun, Kyryl (60028804700); Voznyuk, Oksana (59231443900); Zaverukha, Yuliia (60109241800); Kushevska, Natalia (60109491500)",60109115800; 60028804700; 59231443900; 60109241800; 60109491500,Virtual Reality as a Tool for Developing Intercultural Competence in the Global Educational Space; [La realidad virtual como herramienta para desarrollar la competencia intercultural en el espacio educativo global],2025,https://www.scopus.com/pages/publications/105016713712?origin=resultslist,"Introduction: the study investigated the effectiveness of virtual reality (VR) technology in developing intercultural competencies among university students within the context of global education. Objective: to evaluate the impact of virtual reality-based educational interventions on the development of intercultural competence, empathy, and intercultural communication skills among university students compared to traditional learning methods. Method: a quasi-experimental design was employed with 120 participants aged 18–24 years from four universities in Ukraine, Spain, Poland, and Colombia. Stratified random sampling was used to ensure cultural diversity. The experimental group (n = 60) received VR-based intercultural communication training, while the control group (n = 60) followed traditional learning methods during a 14-day intervention. Data were collected using the Intercultural Competence Index (ICI) and the Intercultural Perspective Questionnaire (IPAQ) in pre-and post-intervention assessments. Statistical analysis included independent samples t-tests and descriptive statistics at a significance level of p < 0,05, with Cronbach’s alpha coefficients above 0,8 confirming instrument reliability. Results: the VR group demonstrated a significant improvement in overall intercultural competence (M = 78,9 vs M = 64,1, t = 6,42, p < 0,001) compared to the control group. Notable gains were also observed in empathy (t = 5,21, p < 0,001), communication flexibility (t = 4,83, p < 0,001), and tolerance (t = 3,12, p = 0,003). Conclusions: VR-based training proved effective in enhancing intercultural awareness, empathy, and adaptive communication skills. These competencies are crucial for fostering global citizenship and preparing students for participation in a culturally diverse educational environment. © 2025 Los autores.",AG Editor (Argentina)
Weissenböck R.,"Weissenböck, Renate (56288815400)",56288815400,Augmented Quarantine: An experiment in online teaching using augmented reality for customized design interventions,2021,https://www.scopus.com/pages/publications/85124736887?origin=resultslist,"This paper presents experimental research about using Augmented Reality (AR) for interactive design processes, exploring a spatial ""live"" design method taking place in an overlay of real space and digital models. It discusses the processes and outcomes of a seminar undertaken at Graz University of Technology in winter term 2020/2021. Due to the Covid-19 pandemic, the course was taught online, and conceptualized to allow students the biggest possible learning experience during the lockdown. Ensuring accessibility to all participants, the seminar was based on the use of ubiquitous devices. The implementation of newly developed software, such as ""Fologram"", enabled the students to use AR systems at home with their personal computers and smartphones. The task of the course was to design customized interventions for the students' own domestic spaces, reacting to changing conditions and needs during the lockdown. The employed workflow was driven by an instant connection between 3D-modeling (Rhinoceros3D), parametric design (Grasshopper) and holographic immersion (Fologram). © 2021, Education and research in Computer Aided Architectural Design in Europe. All rights reserved.",Education and research in Computer Aided Architectural Design in Europe
Hill T.; Preez H.D.,"Hill, Tanya (36339711600); Preez, Hanneke Du (58579553400)",36339711600; 58579553400,Reflections on a virtual reality soft skills teaching intervention,2022,https://www.scopus.com/pages/publications/85136946705?origin=resultslist,"The paper analyses undergraduate finance students reflections on the impact of a VR soft skills teaching intervention and their understanding of the influence of soft skills on their future work environment. The contribution of the research can be found in the self-developed VR soft skills videos, the analyses of the reflections using the Pedler reflective framework and the findings that focus on the insights students gain through the teaching intervention. The research question is: What is the impact of the VR soft skills teaching intervention on the insights of undergraduate finance students when confronted by work-place scenarios The findings of the study show that the students were able to reflect effectively using the Pedler reflective framework and to develop strategies of their responses to similar situations in future. The VR soft-skills teaching intervention is therefore an effective tool in developing the insights of students to be applied in their future world of work. © HEAd 2022. All Rights Reserved.",Universidad Politecnica de Valencia.
Shamsudin N.M.; Hoon T.S.; Aris S.R.S.; Yunus M.M.,"Shamsudin, Nurshamshida Md (57455672500); Hoon, Teoh Sian (36158220800); Aris, Sharipah Ruzaina Syed (55377749700); Yunus, Melor Md (57218893299)",57455672500; 36158220800; 55377749700; 57218893299,Metaverse Technology for Teacher Training Programmes in Higher Learning Institutions: Perceptions of Teacher Trainees,2024,https://www.scopus.com/pages/publications/85208022045?origin=resultslist,"The integration of innovative technologies in teacher education is crucial for preparing future educators to harness the potential of technology in their teaching practices. The metaverse, a collective virtual shared space created by the convergence of physical and virtual reality, offers promising opportunities for enhancing teacher training programs at universities. This study aims to explore the perceptions of teacher trainees regarding the implementation of metaverse technologies in their training programs at higher education institutions. A mixed-methods approach was employed, involving a survey administered to 300 teacher trainees, followed by in-depth interviews with a selected group of participants. The findings reveal a generally positive perception of the metaverse as an innovative and engaging learning environment that can enhance interactivity, collaboration, and real-world simulation in teacher training. However, concerns were raised regarding the technical challenges, learning curve, and potential distractions associated with the metaverse. Additionally, participants expressed the need for adequate training and support to effectively integrate metaverse technologies into their teaching practices. The study concludes with recommendations for universities and teacher training institutions to provide the necessary infrastructural, technical, and pedagogical support to facilitate the successful implementation of metaverse technologies in teacher training programs. Further research is suggested to explore the long-term impacts of metaverse integration on the teaching practices and professional development of trainee teachers © (2024), (UiTM Press). All rights reserved.",UiTM Press
Hendricks D.,"Hendricks, Denver (36741538200)",36741538200,Applications of augmented reality as a blended learning tool for architectural education,2022,https://www.scopus.com/pages/publications/85130917043?origin=resultslist,"Augmented reality (AR) is an innovative learning tool that is gaining popularity in educational settings as it has the potential to significantly enhance interactive learning. In addition, AR has been a significant contributor to blended learning because it can be used in addition to conventional learning aids like text, images, video tutorials and the internet. However, there is a lack of research on the application of AR in the context of programmes with technical and practical components particularly with reference to the possibilities it may offer in terms of Architecture, Engineering and Construction (AEC). This paper reports on the first phase of an action research study done in an architecture department in a higher education institution that offers a module on Construction Technology. The learning unit for which AR is particularly explored is Construction Methods, Assembly, and Materials. A qualitative research approach was applied where principles of the Delphi method were used after selecting a group of eight experts who were purposively sampled. The participants were exposed to the AR technology, viewed a simulation, and were encouraged to explore three-dimensional model building for themselves by using the AR tool. Themes that emerged from group discussion were recorded to illustrate the possibilities of the application of AR in the context of the module as well as possible limitations or concerns. Curriculum outcomes were then proposed to enhance an interdisciplinary component, incorporating the AR project outcomes with wider applicability than architecture only. The implications shared should be applicable to skill development in engineering and construction education in learning units that deal with construction methods, assembly and materials. © 2022 by the authors.",University of Johannesburg
